0,https://www.instagram.com/healesvilletoyota/,healesvilletoyota,Healesville Toyota108-112 Maroondah Hwy Healesville www.healesvilletoyota.com.au,267 following,467 followers,665 posts,1,1,"Congratulations Trent! Enjoy your Landcruiser 79 and Merry Christmas!

#landcruiser79 #toyotalandcruiser #ohwhatafeeling #healesvilletoyota","Dec 24, 2021",12:11:02,19 likes,0
0,https://www.instagram.com/healesvilletoyota/,healesvilletoyota,Healesville Toyota108-112 Maroondah Hwy Healesville www.healesvilletoyota.com.au,267 following,467 followers,665 posts,2,2,"Wishing you and your families a very happy and safe break. As always we thank you for your loyal support.

#happyholidays #christmastime #thankyouforyoursupport #besafe","Dec 22, 2021",12:11:08,2 likes,1
0,https://www.instagram.com/healesvilletoyota/,healesvilletoyota,Healesville Toyota108-112 Maroondah Hwy Healesville www.healesvilletoyota.com.au,267 following,467 followers,665 posts,3,3,"Congratulations Leigh - a new LandCruiser 79 is not a bad Christmas present! üòâüéÑ

#ohwhatafeeling #landcruiser79 #toyotalandcruiser #gxl #healesvilletoyota","Dec 21, 2021",12:11:14,32 likes,0
0,https://www.instagram.com/healesvilletoyota/,healesvilletoyota,Healesville Toyota108-112 Maroondah Hwy Healesville www.healesvilletoyota.com.au,267 following,467 followers,665 posts,4,4,Welcome Harry to the HV Toyota family! Congratulations Mark and Kara üë∂üèª,"Dec 20, 2021",12:11:20,13 likes,1
0,https://www.instagram.com/healesvilletoyota/,healesvilletoyota,Healesville Toyota108-112 Maroondah Hwy Healesville www.healesvilletoyota.com.au,267 following,467 followers,665 posts,5,5,"Our very first LandCruiser 300 Delivery went out today to Glenn who has been a wonderful guest of Healesville Toyota for 36 years!

#ohwhatafeeling #toyotaforlife #landcruiser300 #guestexperience #loyalty #healesvilletoyota","Dec 14, 2021",12:11:26,45 likes,2
0,https://www.instagram.com/healesvilletoyota/,healesvilletoyota,Healesville Toyota108-112 Maroondah Hwy Healesville www.healesvilletoyota.com.au,267 following,467 followers,665 posts,6,6,"Congratulations Michael on your new LandCruiser 79 series!

#ohwhatafeeling #landcruiser79 #toyotalandcruiser #healesvilletoyota","Dec 11, 2021",12:11:32,16 likes,0
0,https://www.instagram.com/healesvilletoyota/,healesvilletoyota,Healesville Toyota108-112 Maroondah Hwy Healesville www.healesvilletoyota.com.au,267 following,467 followers,665 posts,7,7,"Toyota Certified preowned vehicles lined up and ready to test drive.

#tcpo #toyotacertified #preownedvehicles #peaceofmind #healesvilletoyota","Dec 10, 2021",12:11:38,8 likes,0
0,https://www.instagram.com/healesvilletoyota/,healesvilletoyota,Healesville Toyota108-112 Maroondah Hwy Healesville www.healesvilletoyota.com.au,267 following,467 followers,665 posts,8,8,"Corolla Cross is coming 2022 ‚Ä¶

#corollasuv #allnewcorollacross #comingsoon #healesvilletoyota","Dec 3, 2021",12:11:44,5 likes,1
0,https://www.instagram.com/healesvilletoyota/,healesvilletoyota,Healesville Toyota108-112 Maroondah Hwy Healesville www.healesvilletoyota.com.au,267 following,467 followers,665 posts,9,9,"OH WHAT A FEELING!
Big congrats Sean on your new 70th Anniversary LC79 series dual cab ‚ú®

#landcruiser79 #specialedition #dualcab #toyotalandcruiser #healesvilletoyota","Dec 3, 2021",12:11:50,23 likes,0
0,https://www.instagram.com/healesvilletoyota/,healesvilletoyota,Healesville Toyota108-112 Maroondah Hwy Healesville www.healesvilletoyota.com.au,267 following,467 followers,665 posts,10,10,"Yaris Cross has been a popular choice - congratulations Gillian!

#ohwhatafeeling #yariscross #awd #guestexperience #healesvilletoyota","Dec 2, 2021",12:11:56,9 likes,0
0,https://www.instagram.com/healesvilletoyota/,healesvilletoyota,Healesville Toyota108-112 Maroondah Hwy Healesville www.healesvilletoyota.com.au,267 following,467 followers,665 posts,11,11,"Wes‚Äô new LandCruiser 79 series is vehicle number 6 purchased from us. Congratulations Wes and thanks as always for your business üòä

#ohwhatafeeling #landcruiser79 #guestexperience #loyalty #toyotaforlife #healesvilletoyota","Nov 29, 2021",12:12:01,21 likes,0
0,https://www.instagram.com/healesvilletoyota/,healesvilletoyota,Healesville Toyota108-112 Maroondah Hwy Healesville www.healesvilletoyota.com.au,267 following,467 followers,665 posts,12,12,"Congratulations Paula on your new RAV4 Hybrid! Delivered just in time for sunny weekend adventures ‚òÄÔ∏è

#ohwhatafeeling #rav4 #awd #hybrid #healesvilletoyota","Nov 27, 2021",12:12:07,10 likes,0
0,https://www.instagram.com/healesvilletoyota/,healesvilletoyota,Healesville Toyota108-112 Maroondah Hwy Healesville www.healesvilletoyota.com.au,267 following,467 followers,665 posts,13,13,"SUPRA - ready and waiting for delivery üåü

#ohwhatafeeling #toyotasupra #newcarday #healesvilletoyota","Nov 22, 2021",12:12:13,18 likes,0
0,https://www.instagram.com/healesvilletoyota/,healesvilletoyota,Healesville Toyota108-112 Maroondah Hwy Healesville www.healesvilletoyota.com.au,267 following,467 followers,665 posts,14,14,"What a beauty this 1984 LandCruiser HJ45 is - stripped and restored by our Parts Guest Jack üåü

#landcruiser #hj45 #iconiccars #healesvilletoyota #toyota_aus","Nov 16, 2021",12:12:18,35 likes,0
0,https://www.instagram.com/healesvilletoyota/,healesvilletoyota,Healesville Toyota108-112 Maroondah Hwy Healesville www.healesvilletoyota.com.au,267 following,467 followers,665 posts,15,15,"Congratulations to Lillian and Danny on their new Kluger hybrid GXL AWD üéâ

#ohwhatafeeling #kluger #hybrid #toyotakluger #healesvilletoyota","Nov 11, 2021",12:12:24,13 likes,0
0,https://www.instagram.com/healesvilletoyota/,healesvilletoyota,Healesville Toyota108-112 Maroondah Hwy Healesville www.healesvilletoyota.com.au,267 following,467 followers,665 posts,16,16,"Calling all Landcruiser owners - to celebrate the launch of the new 300 series share your pics and stories of your 4x4 adventures at
https://landcruisersofaustralia.com.au
for your chance to be featured in a compilation that will reflect on the history of the iconic Landcruiser in Australia ‚ú®","Nov 9, 2021",12:12:29,no like,0
0,https://www.instagram.com/healesvilletoyota/,healesvilletoyota,Healesville Toyota108-112 Maroondah Hwy Healesville www.healesvilletoyota.com.au,267 following,467 followers,665 posts,17,17,"Congratulations Ruth on your preowned RAV4 Cruiser AWD - happy driving üòä

#ohwhatafeeling #toyotacertified #preownedvehicles #rav4 #toyotarav4 #healesvilletoyota","Nov 6, 2021",12:12:35,6 likes,0
0,https://www.instagram.com/healesvilletoyota/,healesvilletoyota,Healesville Toyota108-112 Maroondah Hwy Healesville www.healesvilletoyota.com.au,267 following,467 followers,665 posts,18,18,"This üôå
Thanks Keston for the feedback on your experience with Eugene and our Sales team - we wish
you many happy years of motoring in your new Landcruiser Military!

#ohwhatafeeling #guestexperience #toyotaforlife #healesvilletoyota","Nov 4, 2021",12:12:40,5 likes,0
0,https://www.instagram.com/healesvilletoyota/,healesvilletoyota,Healesville Toyota108-112 Maroondah Hwy Healesville www.healesvilletoyota.com.au,267 following,467 followers,665 posts,19,19,"Oh What A Feeling! So good to welcome our guests back into the showroom üòä
Congratulations to Sarah on her new RAV4 GXL Hybrid!

#rav4 #hybrid #weareopen #newcarday #healesvilletoyota","Oct 30, 2021",12:12:46,13 likes,0
0,https://www.instagram.com/healesvilletoyota/,healesvilletoyota,Healesville Toyota108-112 Maroondah Hwy Healesville www.healesvilletoyota.com.au,267 following,467 followers,665 posts,20,20,"Preowned stock incoming ‚Ä¶ just in time for the reopening of our Sales Operation tomorrow! üéâ

#preownedtoyota #rav4 #hilux #testdrive #healesvilletoyota","Oct 29, 2021",12:12:52,10 likes,0
0,https://www.instagram.com/healesvilletoyota/,healesvilletoyota,Healesville Toyota108-112 Maroondah Hwy Healesville www.healesvilletoyota.com.au,267 following,467 followers,665 posts,21,21,"Extra large Troopy! (Calista for reference üòâ)

#landcruisertroopy #troopcarrier #healesvilletoyota","Oct 25, 2021",12:12:58,134 likes,6
0,https://www.instagram.com/healesvilletoyota/,healesvilletoyota,Healesville Toyota108-112 Maroondah Hwy Healesville www.healesvilletoyota.com.au,267 following,467 followers,665 posts,22,22,"We are open for outdoor retail and what a day it is in beautiful Healesville! ‚òÄÔ∏è
Our Landcruiser 300 Sahara and VX are now ready to be viewed up close üôå

#landcruiser300 #visitustoday #healesvilletoyota","Oct 22, 2021",12:13:03,no like,0
0,https://www.instagram.com/healesvilletoyota/,healesvilletoyota,Healesville Toyota108-112 Maroondah Hwy Healesville www.healesvilletoyota.com.au,267 following,467 followers,665 posts,23,23,"We now have the All New Landcruiser 300 series - VX and Sahara variants - available for test drive soon. Book a time with our team on 5962 4333 or online:

https://bit.ly/3AqeqPn

#landcruiser300 #vx #landcruisersahara #testdrive #healesvilletoyota","Oct 21, 2021",12:13:09,10 likes,0
0,https://www.instagram.com/healesvilletoyota/,healesvilletoyota,Healesville Toyota108-112 Maroondah Hwy Healesville www.healesvilletoyota.com.au,267 following,467 followers,665 posts,24,24,"Thanks for your business Damian - enjoy your new RAV4 Cruiser üôå

#newcarday #toyotarav4 #rav4 #guestexperience #loyalty #healesvilletoyota","Oct 16, 2021",12:13:14,11 likes,0
